Scenario,QuestDB_Response_Time,QuestDB_Success_Rate,MongoDB_Response_Time,MongoDB_Success_Rate,Winner,Speedup_Factor,Record_Count
Small Query - 1 Day,0.009427467981974283,100.0,0.02182324727376302,100.0,QuestDB,2.31,375
Medium Query - 1 Week,0.007035732269287109,100.0,0.05300752321879069,100.0,QuestDB,7.53,2250
Large Query - 1 Month,0.006859540939331055,100.0,0.11574300130208333,100.0,QuestDB,16.87,7125
All Fields Query,0.0,0.0,0.02164308230082194,100.0,N/A,N/A,375
Old Data Query,0.009088754653930664,100.0,0.04950428009033203,100.0,QuestDB,5.45,1875
Recent Data Query,0.0065911610921223955,100.0,0.10376532872517903,100.0,QuestDB,15.74,7500
